﻿ 
-- 系统类别;
DELETE FROM GPM_AppSort;
INSERT INTO GPM_AppSort(No,Name,RefMenuNo) VALUES ('01','业务系统','2000');
INSERT INTO GPM_AppSort(No,Name,RefMenuNo) VALUES ('02','办公系统','2001');

-- 系统;
DELETE FROM GPM_App;
INSERT INTO GPM_App(No,Name,AppModel,Url,MyFileName,MyFilePath,MyFileExt,WebPath,FK_AppSort,RefMenuNo) VALUES ('CCOA','驰骋OA',0,'http://www.chichengoa.org/app/login/login.ashx','ccoa.png','Path','GIF','/DataUser/BP.GPM.STem/CCOA.png','01','2002'); /*此处地址被孙战平改动*/
INSERT INTO GPM_App(No,Name,AppModel,Url,MyFileName,MyFilePath,MyFileExt,WebPath,FK_AppSort,RefMenuNo) VALUES ('CCFlow','工作流程',0,'http://localhost:8082/ccflow/WF/Login.aspx','admin.gif','Path','GIF','Img/workflow.png','01','2004');
INSERT INTO GPM_App(No,Name,AppModel,Url,MyFileName,MyFilePath,MyFileExt,WebPath,FK_AppSort,RefMenuNo) VALUES ('CCIM','即时通讯',1,'http://localhost/ccflow/WF/Login.aspx','admin.gif','Path','GIF','Img/im.png','01','2005');
INSERT INTO GPM_App(No,Name,AppModel,Url,MyFileName,MyFilePath,MyFileExt,WebPath,FK_AppSort,RefMenuNo) VALUES ('GGXXW','公共信息网',1,'http://localhost:8083/','db.gif','Path','GIF','Img/common.png','02','2006');
INSERT INTO GPM_App(No,Name,AppModel,Url,MyFileName,MyFilePath,MyFileExt,WebPath,FK_AppSort,RefMenuNo) VALUES ('GPM','权限管理',1,'/GPM/Default.aspx','MyWork.gif','Path','GIF','Img/auth.png','02','2007');
INSERT INTO GPM_App(No,Name,AppModel,Url,MyFileName,MyFilePath,MyFileExt,WebPath,FK_AppSort,RefMenuNo) VALUES ('SSO','单点登陆',1,'/SSO/Default.aspx','RptDir.gif','Path','GIF','Img/sso.png','02','2008');


DELETE FROM GPM_Menu;
-- root;
INSERT INTO GPM_Menu(FK_App,No,ParentNo,Name,MenuType,Url,IsEnable) VALUES ('UnitFullName','1000','0','济南驰骋信息技术有限公司',0,'',1);
INSERT INTO GPM_Menu(FK_App,No,ParentNo,Name,MenuType,Url,IsEnable) VALUES ('AppSort','2000','1000','业务系统',1,'',1);
INSERT INTO GPM_Menu(FK_App,No,ParentNo,Name,MenuType,Url,IsEnable) VALUES ('AppSort','2001','1000','办公系统',1,'',1);
INSERT INTO GPM_Menu(FK_App,No,ParentNo,Name,MenuType,Url,IsEnable) VALUES ('CCOA','2002','2000','驰骋OA',2,'',1);
INSERT INTO GPM_Menu(FK_App,No,ParentNo,Name,MenuType,Url,IsEnable) VALUES ('Tester','2003','2001','Tester',2,'',1);
INSERT INTO GPM_Menu(FK_App,No,ParentNo,Name,MenuType,Url,IsEnable) VALUES ('CCFlow','2004','2000','工作流程',2,'',1);
INSERT INTO GPM_Menu(FK_App,No,ParentNo,Name,MenuType,Url,IsEnable) VALUES ('CCIM','2005','2000','即时通讯',2,'',1);
INSERT INTO GPM_Menu(FK_App,No,ParentNo,Name,MenuType,Url,IsEnable) VALUES ('GGXXW','2006','2000','公共信息网',2,'',1);
INSERT INTO GPM_Menu(FK_App,No,ParentNo,Name,MenuType,Url,IsEnable) VALUES ('GPM','2007','2000','权限管理',2,'',1);
INSERT INTO GPM_Menu(FK_App,No,ParentNo,Name,MenuType,Url,IsEnable) VALUES ('SSO','2008','2000','单点登陆',2,'',1);

-- CCOA 菜单;
INSERT INTO GPM_Menu (No, Name, ParentNo, Idx, MenuType, FK_App, Url, IsEnable, Flag, Tag1, Tag2, Tag3, MyFileName, MyFilePath, MyFileExt, WebPath, MyFileH, MyFileW, MyFileSize, OpenWay) VALUES ('1011', '我的计划', '252',  6, 4, 'CCOA', '/App/PrivPlan/MyPlan.aspx', 1, '', '', '', '', 'files.gif', 'D:\ccflow\CCPortal\CCGPM\CCGPM\\DataUser\BP.GPM.Menu\\', 'gif', '//DataUser/BP.GPM.Menu/1011.gif', 16, 16, 0, 0);
INSERT INTO GPM_Menu (No, Name, ParentNo, Idx, MenuType, FK_App, Url, IsEnable, Flag, Tag1, Tag2, Tag3, MyFileName, MyFilePath, MyFileExt, WebPath, MyFileH, MyFileW, MyFileSize, OpenWay) VALUES ('1012', '公告通知', '2002',  4, 3, 'CCOA', '', 1, '', '', '', '', '', '', '', 'notice', 0, 0, 0, 0);
INSERT INTO GPM_Menu (No, Name, ParentNo, Idx, MenuType, FK_App, Url, IsEnable, Flag, Tag1, Tag2, Tag3, MyFileName, MyFilePath, MyFileExt, WebPath, MyFileH, MyFileW, MyFileSize, OpenWay) VALUES ('1013', '公告管理', '1012', 0, 4, 'CCOA', '/App/Notice/NoticeList.aspx', 1, '', '', '', '', 'framework.gif', 'D:\ccflow\CCPortal\CCGPM\CCGPM\\DataUser\BP.GPM.Menu\\', 'gif', '//DataUser/BP.GPM.Menu/1013.gif', 16, 16, 0, 0);
INSERT INTO GPM_Menu (No, Name, ParentNo, Idx, MenuType, FK_App, Url, IsEnable, Flag, Tag1, Tag2, Tag3, MyFileName, MyFilePath, MyFileExt, WebPath, MyFileH, MyFileW, MyFileSize, OpenWay) VALUES ('1014', '添加公告', '1012',  0, 4, 'CCOA', '/App/Notice/NewNotice.aspx', 1, '', '', '', '', 'new3.gif', 'D:\ccflow\CCPortal\CCGPM\CCGPM\\DataUser\BP.GPM.Menu\\', 'gif', '//DataUser/BP.GPM.Menu/1014.gif', 16, 16, 0, 0);
INSERT INTO GPM_Menu (No, Name, ParentNo, Idx, MenuType, FK_App, Url, IsEnable, Flag, Tag1, Tag2, Tag3, MyFileName, MyFilePath, MyFileExt, WebPath, MyFileH, MyFileW, MyFileSize, OpenWay) VALUES ('1015', '我的公告', '1012', 0, 4, 'CCOA', '/App/Notice/MyNoticeList.aspx', 1, '', '', '', '', 'data3.gif', 'D:\ccflow\CCPortal\CCGPM\CCGPM\\DataUser\BP.GPM.Menu\\', 'gif', '//DataUser/BP.GPM.Menu/1015.gif', 16, 16, 0, 0);
INSERT INTO GPM_Menu (No, Name, ParentNo, Idx, MenuType, FK_App, Url, IsEnable, Flag, Tag1, Tag2, Tag3, MyFileName, MyFilePath, MyFileExt, WebPath, MyFileH, MyFileW, MyFileSize, OpenWay) VALUES ('1016', '邮件管理', '2002', 7, 3, 'CCOA', '', 1, '', '', '', '', '', '', '', 'email', 0, 0, 0, 0);
INSERT INTO GPM_Menu (No, Name, ParentNo, Idx, MenuType, FK_App, Url, IsEnable, Flag, Tag1, Tag2, Tag3, MyFileName, MyFilePath, MyFileExt, WebPath, MyFileH, MyFileW, MyFileSize, OpenWay) VALUES ('1017', '写邮件', '1016',  0, 4, 'CCOA', '/App/Message/SendMsg.aspx', 1, '', '', '', '', 'add.png', 'D:\ccflow\CCPortal\CCGPM\CCGPM\\DataUser\BP.GPM.Menu\\', 'png', '//DataUser/BP.GPM.Menu/1017.png', 16, 16, 0, 0);
INSERT INTO GPM_Menu (No, Name, ParentNo, Idx, MenuType, FK_App, Url, IsEnable, Flag, Tag1, Tag2, Tag3, MyFileName, MyFilePath, MyFileExt, WebPath, MyFileH, MyFileW, MyFileSize, OpenWay) VALUES ('1018', '收件箱', '1016',  0, 4, 'CCOA', '/app/message/InBox.aspx', 1, '', '', '', '', 'calendar1.gif', 'D:\ccflow\CCPortal\CCGPM\CCGPM\\DataUser\BP.GPM.Menu\\', 'gif', '//DataUser/BP.GPM.Menu/1018.gif', 16, 16, 0, 0);
INSERT INTO GPM_Menu (No, Name, ParentNo, Idx, MenuType, FK_App, Url, IsEnable, Flag, Tag1, Tag2, Tag3, MyFileName, MyFilePath, MyFileExt, WebPath, MyFileH, MyFileW, MyFileSize, OpenWay) VALUES ('1019', '发件箱', '1016',  0, 4, 'CCOA', '/app/Message/SendBox.aspx', 1, '', '', '', '', 'aremove.png', 'D:\ccflow\CCPortal\CCGPM\CCGPM\\DataUser\BP.GPM.Menu\\', 'png', '//DataUser/BP.GPM.Menu/1019.png', 16, 16, 0, 0);
INSERT INTO GPM_Menu (No, Name, ParentNo, Idx, MenuType, FK_App, Url, IsEnable, Flag, Tag1, Tag2, Tag3, MyFileName, MyFilePath, MyFileExt, WebPath, MyFileH, MyFileW, MyFileSize, OpenWay) VALUES ('1020', '新闻管理', '2002', 6, 3, 'CCOA', '', 1, '', '', '', '', '', '', '', 'news', 0, 0, 0, 0);
INSERT INTO GPM_Menu (No, Name, ParentNo, Idx, MenuType, FK_App, Url, IsEnable, Flag, Tag1, Tag2, Tag3, MyFileName, MyFilePath, MyFileExt, WebPath, MyFileH, MyFileW, MyFileSize, OpenWay) VALUES ('1021', '添加新闻', '1020', 0, 4, 'CCOA', '/app/News/NewsAdd.aspx', 1, '', '', '', '', 'pen.gif', 'D:\ccflow\CCPortal\CCGPM\CCGPM\\DataUser\BP.GPM.Menu\\', 'gif', '//DataUser/BP.GPM.Menu/1021.gif', 16, 16, 0, 0);
INSERT INTO GPM_Menu (No, Name, ParentNo, Idx, MenuType, FK_App, Url, IsEnable, Flag, Tag1, Tag2, Tag3, MyFileName, MyFilePath, MyFileExt, WebPath, MyFileH, MyFileW, MyFileSize, OpenWay) VALUES ('1022', '新闻管理', '1020', 0, 4, 'CCOA', '/app/News/NewsList.aspx', 1, '', '', '', '', 'ico_news.gif', 'D:\ccflow\CCPortal\CCGPM\CCGPM\\DataUser\BP.GPM.Menu\\', 'gif', '//DataUser/BP.GPM.Menu/1022.gif', 16, 16, 0, 0);
INSERT INTO GPM_Menu (No, Name, ParentNo, Idx, MenuType, FK_App, Url, IsEnable, Flag, Tag1, Tag2, Tag3, MyFileName, MyFilePath, MyFileExt, WebPath, MyFileH, MyFileW, MyFileSize, OpenWay) VALUES ('1024', '新闻栏目', '1020', 0, 4, 'CCOA', '/WF/Comm/Search.htm?EnsName=BP.OA.Article.ArticleCatagorys', 1, '', '', '', '', 'sharedir.gif', 'D:\ccflow\CCPortal\CCGPM\CCGPM\\DataUser\BP.GPM.Menu\\', 'gif', '//DataUser/BP.GPM.Menu/1024.gif', 16, 16, 0, 0);
INSERT INTO GPM_Menu (No, Name, ParentNo, Idx, MenuType, FK_App, Url, IsEnable, Flag, Tag1, Tag2, Tag3, MyFileName, MyFilePath, MyFileExt, WebPath, MyFileH, MyFileW, MyFileSize, OpenWay) VALUES ('1041', '我的新闻', '1020', 0, 4, 'CCOA', '/App/News/MyNewsList.aspx', 1, '', '', '', '', '', '', '', '//DataUser/BP.GPM.Menu/1021.gif', 0, 0, 0, 0);
INSERT INTO GPM_Menu (No, Name, ParentNo, Idx, MenuType, FK_App, Url, IsEnable, Flag, Tag1, Tag2, Tag3, MyFileName, MyFilePath, MyFileExt, WebPath, MyFileH, MyFileW, MyFileSize, OpenWay) VALUES ('1025', '工作流程', '2002', 8, 3, 'CCOA', '', 1, '', '', '', '', '', '', '', 'flow', 0, 0, 0, 0);
INSERT INTO GPM_Menu (No, Name, ParentNo, Idx, MenuType, FK_App, Url, IsEnable, Flag, Tag1, Tag2, Tag3, MyFileName, MyFilePath, MyFileExt, WebPath, MyFileH, MyFileW, MyFileSize, OpenWay) VALUES ('1026', '发起', '1025',  0, 3, 'CCOA', '/WF/Start.htm', 1, '', '', '', '', 'data1.gif', 'D:\ccflow\CCPortal\CCGPM\CCGPM\\DataUser\BP.GPM.Menu\\', 'gif', '//DataUser/BP.GPM.Menu/1026.gif', 16, 16, 0, 0);
INSERT INTO GPM_Menu (No, Name, ParentNo, Idx, MenuType, FK_App, Url, IsEnable, Flag, Tag1, Tag2, Tag3, MyFileName, MyFilePath, MyFileExt, WebPath, MyFileH, MyFileW, MyFileSize, OpenWay) VALUES ('1027', '待办', '1025',  0, 3, 'CCOA', '/WF/Todolist.htm', 1, '', '', '', '', 'search1.png', 'D:\ccflow\CCPortal\CCGPM\CCGPM\\DataUser\BP.GPM.Menu\\', 'png', '//DataUser/BP.GPM.Menu/1027.png', 16, 16, 0, 0);
INSERT INTO GPM_Menu (No, Name, ParentNo, Idx, MenuType, FK_App, Url, IsEnable, Flag, Tag1, Tag2, Tag3, MyFileName, MyFilePath, MyFileExt, WebPath, MyFileH, MyFileW, MyFileSize, OpenWay) VALUES ('1028', '抄送', '1025',  0, 3, 'CCOA', '/WF/CC.aspx', 1, '', '', '', '', 'data1.gif', 'D:\ccflow\CCPortal\CCGPM\CCGPM\\DataUser\BP.GPM.Menu\\', 'gif', '//DataUser/BP.GPM.Menu/1028.gif', 16, 16, 0, 0);
INSERT INTO GPM_Menu (No, Name, ParentNo, Idx, MenuType, FK_App, Url, IsEnable, Flag, Tag1, Tag2, Tag3, MyFileName, MyFilePath, MyFileExt, WebPath, MyFileH, MyFileW, MyFileSize, OpenWay) VALUES ('1029', '挂起', '1025',  0, 3, 'CCOA', '/WF/WorkOpt/Hungup.htm', 1, '', '', '', '', 'data5.gif', 'D:\ccflow\CCPortal\CCGPM\CCGPM\\DataUser\BP.GPM.Menu\\', 'gif', '//DataUser/BP.GPM.Menu/1029.gif', 16, 16, 0, 0);
INSERT INTO GPM_Menu (No, Name, ParentNo, Idx, MenuType, FK_App, Url, IsEnable, Flag, Tag1, Tag2, Tag3, MyFileName, MyFilePath, MyFileExt, WebPath, MyFileH, MyFileW, MyFileSize, OpenWay) VALUES ('1030', '在途', '1025',  0, 3, 'CCOA', '/WF/Runing.htm', 1, '', '', '', '', 'data4.gif', 'D:\ccflow\CCPortal\CCGPM\CCGPM\\DataUser\BP.GPM.Menu\\', 'gif', '//DataUser/BP.GPM.Menu/1030.gif', 16, 16, 0, 0);
INSERT INTO GPM_Menu (No, Name, ParentNo, Idx, MenuType, FK_App, Url, IsEnable, Flag, Tag1, Tag2, Tag3, MyFileName, MyFilePath, MyFileExt, WebPath, MyFileH, MyFileW, MyFileSize, OpenWay) VALUES ('1031', '查询', '1025',  0, 3, 'CCOA', '/WF/FlowSearch.htm', 1, '', '', '', '', 'ico_search.gif', 'D:\ccflow\CCPortal\CCGPM\CCGPM\\DataUser\BP.GPM.Menu\\', 'gif', '//DataUser/BP.GPM.Menu/1031.gif', 16, 16, 0, 0);
INSERT INTO GPM_Menu (No, Name, ParentNo, Idx, MenuType, FK_App, Url, IsEnable, Flag, Tag1, Tag2, Tag3, MyFileName, MyFilePath, MyFileExt, WebPath, MyFileH, MyFileW, MyFileSize, OpenWay) VALUES ('1032', '关键字查询', '1025',  0, 3, 'CCOA', '/WF/KeySearch.htm', 1, '', '', '', '', 'cache.gif', 'D:\ccflow\CCPortal\CCGPM\CCGPM\\DataUser\BP.GPM.Menu\\', 'gif', '//DataUser/BP.GPM.Menu/1032.gif', 16, 16, 0, 0);
INSERT INTO GPM_Menu (No, Name, ParentNo, Idx, MenuType, FK_App, Url, IsEnable, Flag, Tag1, Tag2, Tag3, MyFileName, MyFilePath, MyFileExt, WebPath, MyFileH, MyFileW, MyFileSize, OpenWay) VALUES ('1033', '取消审批', '1025', 0, 3, 'CCOA', '/WF/GetTask.htm', 1, '', '', '', '', 'color.gif', 'D:\ccflow\CCPortal\CCGPM\CCGPM\\DataUser\BP.GPM.Menu\\', 'gif', '//DataUser/BP.GPM.Menu/1033.gif', 16, 16, 0, 0);
INSERT INTO GPM_Menu (No, Name, ParentNo, Idx, MenuType, FK_App, Url, IsEnable, Flag, Tag1, Tag2, Tag3, MyFileName, MyFilePath, MyFileExt, WebPath, MyFileH, MyFileW, MyFileSize, OpenWay) VALUES ('1036', '设置', '1025', 0, 3, 'CCOA', '/WF/Tools.htm', 1, '', '', '', '', 'ico_html.gif', 'D:\ccflow\CCPortal\CCGPM\CCGPM\\DataUser\BP.GPM.Menu\\', 'gif', '//DataUser/BP.GPM.Menu/1036.gif', 16, 16, 0, 0);
INSERT INTO GPM_Menu (No, Name, ParentNo, Idx, MenuType, FK_App, Url, IsEnable, Flag, Tag1, Tag2, Tag3, MyFileName, MyFilePath, MyFileExt, WebPath, MyFileH, MyFileW, MyFileSize, OpenWay) VALUES ('1037', '我的日程', '252', 5, 4, 'CCOA', '/app/Calendar/MyCalendar.aspx', 1, '', '', '', '', 'calendar.png', 'D:\ccflow\CCPortal\CCGPM\CCGPM\\DataUser\BP.GPM.Menu\\', 'png', '//DataUser/BP.GPM.Menu/1037.png', 16, 16, 0, 0);
INSERT INTO GPM_Menu (No, Name, ParentNo, Idx, MenuType, FK_App, Url, IsEnable, Flag, Tag1, Tag2, Tag3, MyFileName, MyFilePath, MyFileExt, WebPath, MyFileH, MyFileW, MyFileSize, OpenWay) VALUES ('1038', '创建流程', '1025', 0, 3, 'CCOA', '/WF/Admin/XAP/Designer.aspx', 1, '', '', '', '', 'com.gif', 'D:\ccflow\CCPortal\CCGPM\CCGPM\\DataUser\BP.GPM.Menu\\', 'gif', '//DataUser/BP.GPM.Menu/1038.gif', 16, 16, 0, 0);
INSERT INTO GPM_Menu (No, Name, ParentNo, Idx, MenuType, FK_App, Url, IsEnable, Flag, Tag1, Tag2, Tag3, MyFileName, MyFilePath, MyFileExt, WebPath, MyFileH, MyFileW, MyFileSize, OpenWay) VALUES ('1039', '草稿箱', '1016', 0, 4, 'CCOA', '/app/Message/DraftBox.aspx', 1, '', '', '', '', 'Rpt.gif', 'D:\ccflow\CCPortal\CCGPM\CCGPM\\DataUser\BP.GPM.Menu\\', 'gif', '//DataUser/BP.GPM.Menu/1039.gif', 16, 16, 0, 0);
INSERT INTO GPM_Menu (No, Name, ParentNo, Idx, MenuType, FK_App, Url, IsEnable, Flag, Tag1, Tag2, Tag3, MyFileName, MyFilePath, MyFileExt, WebPath, MyFileH, MyFileW, MyFileSize, OpenWay) VALUES ('1040', '垃圾箱', '1016',  0, 4, 'CCOA', '/App/Message/RecycleBox.aspx', 1, '', '', '', '', 'admin.gif', 'D:\ccflow\CCPortal\CCGPM\CCGPM\\DataUser\BP.GPM.Menu\\', 'gif', '//DataUser/BP.GPM.Menu/1040.gif', 17, 19, 0, 0);
INSERT INTO GPM_Menu (No, Name, ParentNo, Idx, MenuType, FK_App, Url, IsEnable, Flag, Tag1, Tag2, Tag3, MyFileName, MyFilePath, MyFileExt, WebPath, MyFileH, MyFileW, MyFileSize, OpenWay) VALUES ('106', '文档中心', '2002',  10, 3, 'CCOA', '', 1, '', '', '', '', '', '', '', 'document', 0, 0, 0, 0);
INSERT INTO GPM_Menu (No, Name, ParentNo, Idx, MenuType, FK_App, Url, IsEnable, Flag, Tag1, Tag2, Tag3, MyFileName, MyFilePath, MyFileExt, WebPath, MyFileH, MyFileW, MyFileSize, OpenWay) VALUES ('107', '知识树', '106',  1, 4, 'CCOA', '/App/KM/Sort.aspx', 1, '', '', '', '', '', '', '', 'vss.gif', 0, 0, 0, 0);
INSERT INTO GPM_Menu (No, Name, ParentNo, Idx, MenuType, FK_App, Url, IsEnable, Flag, Tag1, Tag2, Tag3, MyFileName, MyFilePath, MyFileExt, WebPath, MyFileH, MyFileW, MyFileSize, OpenWay) VALUES ('145', '车辆管理', '2002', 12, 3, 'CCOA', '', 1, '', '', '', '', '', '', '', 'car', 0, 0, 0, 0);
INSERT INTO GPM_Menu (No, Name, ParentNo, Idx, MenuType, FK_App, Url, IsEnable, Flag, Tag1, Tag2, Tag3, MyFileName, MyFilePath, MyFileExt, WebPath, MyFileH, MyFileW, MyFileSize, OpenWay) VALUES ('146', '驾驶员信息', '145', 0, 4, 'CCOA', '/WF/Comm/Search.htm?EnsName=BP.OA.Car.Drivers', 1, '', '', '', '', '', '', '', 'app.gif', 0, 0, 0, 0);
INSERT INTO GPM_Menu (No, Name, ParentNo, Idx, MenuType, FK_App, Url, IsEnable, Flag, Tag1, Tag2, Tag3, MyFileName, MyFilePath, MyFileExt, WebPath, MyFileH, MyFileW, MyFileSize, OpenWay) VALUES ('147', '我的文档', '106', 2, 4, 'CCOA', '/App/Km/MyDoc.aspx', 1, '', '', '', '', '', '', '', 'ico_network.gif', 0, 0, 0, 0);
INSERT INTO GPM_Menu (No, Name, ParentNo, Idx, MenuType, FK_App, Url, IsEnable, Flag, Tag1, Tag2, Tag3, MyFileName, MyFilePath, MyFileExt, WebPath, MyFileH, MyFileW, MyFileSize, OpenWay) VALUES ('160', '知识管理', '106', 5, 4, 'CCOA', '/App/KM/Main.aspx', 1, '', '', '', '', '', '', '', 'files.gif', 0, 0, 0, 0);
INSERT INTO GPM_Menu (No, Name, ParentNo, Idx, MenuType, FK_App, Url, IsEnable, Flag, Tag1, Tag2, Tag3, MyFileName, MyFilePath, MyFileExt, WebPath, MyFileH, MyFileW, MyFileSize, OpenWay) VALUES ('185', '指标管理', '145', 0, 4, 'CCOA', '/WF/Comm/Search.htm?EnsName=BP.OA.Car.ZhiBiaos', 1, '', '', '', '', '', '', '', '', 0, 0, 0, 0);
INSERT INTO GPM_Menu (No, Name, ParentNo, Idx, MenuType, FK_App, Url, IsEnable, Flag, Tag1, Tag2, Tag3, MyFileName, MyFilePath, MyFileExt, WebPath, MyFileH, MyFileW, MyFileSize, OpenWay) VALUES ('186', '最新文档', '106', 4, 4, 'CCOA', '/App/KM/NewlyDoc.aspx', 1, '', '', '', '', 'doc.gif', '', 'gif', 'doc.gif', 16, 16, 0, 0);
INSERT INTO GPM_Menu (No, Name, ParentNo, Idx, MenuType, FK_App, Url, IsEnable, Flag, Tag1, Tag2, Tag3, MyFileName, MyFilePath, MyFileExt, WebPath, MyFileH, MyFileW, MyFileSize, OpenWay) VALUES ('188', '我的工作台', '187', 1, 4, 'CCOA', '/Main/DeskTop2.aspx', 1, '', '', '', '', '', '', '', 'ico_home.gif', 0, 0, 0, 0);
INSERT INTO GPM_Menu (No, Name, ParentNo, Idx, MenuType, FK_App, Url, IsEnable, Flag, Tag1, Tag2, Tag3, MyFileName, MyFilePath, MyFileExt, WebPath, MyFileH, MyFileW, MyFileSize, OpenWay) VALUES ('189', '所有资讯', '187',  2, 4, 'CCOA', '/App/Notice/NoticeList.aspx', 1, '', '', '', '', '', '', '', '1013.gif', 0, 0, 0, 0);
INSERT INTO GPM_Menu (No, Name, ParentNo, Idx, MenuType, FK_App, Url, IsEnable, Flag, Tag1, Tag2, Tag3, MyFileName, MyFilePath, MyFileExt, WebPath, MyFileH, MyFileW, MyFileSize, OpenWay) VALUES ('190', '收件箱(0/1)', '187',  3, 4, 'CCOA', '/AppDemoLigerUI/EmpWorks.aspx', 1, '', '', '', '', '', '', '', 'news.gif', 0, 0, 0, 0);
INSERT INTO GPM_Menu (No, Name, ParentNo, Idx, MenuType, FK_App, Url, IsEnable, Flag, Tag1, Tag2, Tag3, MyFileName, MyFilePath, MyFileExt, WebPath, MyFileH, MyFileW, MyFileSize, OpenWay) VALUES ('191', '我的日程', '187', 4, 4, 'CCOA', '/app/Calendar/MyCalendar.aspx', 1, '', '', '', '', '', '', '', '1037.png', 0, 0, 0, 0);
INSERT INTO GPM_Menu (No, Name, ParentNo, Idx, MenuType, FK_App, Url, IsEnable, Flag, Tag1, Tag2, Tag3, MyFileName, MyFilePath, MyFileExt, WebPath, MyFileH, MyFileW, MyFileSize, OpenWay) VALUES ('192', '我的文档', '187',  5, 4, 'CCOA', '/App/Km/MyDoc.aspx', 1, '', '', '', '', '', '', '', 'ico_network.gif', 0, 0, 0, 0);
INSERT INTO GPM_Menu (No, Name, ParentNo, Idx, MenuType, FK_App, Url, IsEnable, Flag, Tag1, Tag2, Tag3, MyFileName, MyFilePath, MyFileExt, WebPath, MyFileH, MyFileW, MyFileSize, OpenWay) VALUES ('193', '信息块维护', '187',  6, 4, 'CCOA', '/WF/Comm/Search.htm?EnsName=BP.OA.Desktop.DesktopPanels', 1, '', '', '', '', '', '', '', '/WF/Img/FileType/IE.gif', 0, 0, 0, 0);
INSERT INTO GPM_Menu (No, Name, ParentNo, Idx, MenuType, FK_App, Url, IsEnable, Flag, Tag1, Tag2, Tag3, MyFileName, MyFilePath, MyFileExt, WebPath, MyFileH, MyFileW, MyFileSize, OpenWay) VALUES ('194', '安全退出', '187', 7, 4, 'CCOA', '', 1, '', '', '', '', '', '', '', 'logout.gif', 0, 0, 0, 0);
INSERT INTO GPM_Menu (No, Name, ParentNo, Idx, MenuType, FK_App, Url, IsEnable, Flag, Tag1, Tag2, Tag3, MyFileName, MyFilePath, MyFileExt, WebPath, MyFileH, MyFileW, MyFileSize, OpenWay) VALUES ('195', '参数设置', '272', 3, 4, 'CCOA', '/App/BBS/SysAdmin/Config.aspx', 1, '', '', '', '', '', '', '', '/WF/Img/FileType/IE.gif', 0, 0, 0, 0);
INSERT INTO GPM_Menu (No, Name, ParentNo, Idx, MenuType, FK_App, Url, IsEnable, Flag, Tag1, Tag2, Tag3, MyFileName, MyFilePath, MyFileExt, WebPath, MyFileH, MyFileW, MyFileSize, OpenWay) VALUES ('196', '固定资产', '2002', 14, 3, 'CCOA', '', 1, '', '', '', '', '', '', '', 'assets', 0, 0, 0, 0);
INSERT INTO GPM_Menu (No, Name, ParentNo, Idx, MenuType, FK_App, Url, IsEnable, Flag, Tag1, Tag2, Tag3, MyFileName, MyFilePath, MyFileExt, WebPath, MyFileH, MyFileW, MyFileSize, OpenWay) VALUES ('197', '资产登记', '196', 2, 4, 'CCOA', '/WF/Comm/Search.htm?EnsName=BP.FixAss.FixMans', 1, '', '', '', '', '', '', '', '/WF/Img/FileType/IE.gif', 0, 0, 0, 0);
INSERT INTO GPM_Menu (No, Name, ParentNo, Idx, MenuType, FK_App, Url, IsEnable, Flag, Tag1, Tag2, Tag3, MyFileName, MyFilePath, MyFileExt, WebPath, MyFileH, MyFileW, MyFileSize, OpenWay) VALUES ('198', '办公用品', '2002', 15, 3, 'CCOA', '', 1, '', '', '', '', '', '', '', 'office', 0, 0, 0, 0);
INSERT INTO GPM_Menu (No, Name, ParentNo, Idx, MenuType, FK_App, Url, IsEnable, Flag, Tag1, Tag2, Tag3, MyFileName, MyFilePath, MyFileExt, WebPath, MyFileH, MyFileW, MyFileSize, OpenWay) VALUES ('199', '库存台账', '198',  2, 4, 'CCOA', '/WF/Comm/Search.htm?EnsName=BP.DS.DSMains', 1, '', '', '', '', '', '', '', '/WF/Img/FileType/IE.gif', 0, 0, 0, 0);
INSERT INTO GPM_Menu (No, Name, ParentNo, Idx, MenuType, FK_App, Url, IsEnable, Flag, Tag1, Tag2, Tag3, MyFileName, MyFilePath, MyFileExt, WebPath, MyFileH, MyFileW, MyFileSize, OpenWay) VALUES ('200', '购买台账', '198',  3, 4, 'CCOA', '/WF/Comm/Search.htm?EnsName=BP.DS.DSBuys', 1, '', '', '', '', '', '', '', '/WF/Img/FileType/IE.gif', 0, 0, 0, 0);
INSERT INTO GPM_Menu (No, Name, ParentNo, Idx, MenuType, FK_App, Url, IsEnable, Flag, Tag1, Tag2, Tag3, MyFileName, MyFilePath, MyFileExt, WebPath, MyFileH, MyFileW, MyFileSize, OpenWay) VALUES ('201', '人事档案', '2002', 16, 3, 'CCOA', '', 1, '', '', '', '', '', '', '', 'ersonnelfiles', 0, 0, 0, 0);
INSERT INTO GPM_Menu (No, Name, ParentNo, Idx, MenuType, FK_App, Url, IsEnable, Flag, Tag1, Tag2, Tag3, MyFileName, MyFilePath, MyFileExt, WebPath, MyFileH, MyFileW, MyFileSize, OpenWay) VALUES ('2010', '发送短消息', '252',  8, 4, 'CCOA', '/Main/Sys/SendShortMsg.aspx', 1, '', '', '', '', 'new1.gif', 'D:\ccflow\CCPortal\CCGPM\CCGPM\\DataUser\BP.GPM.Menu\\', 'gif', '//DataUser/BP.GPM.Menu/2010.gif', 16, 16, 0, 0);
INSERT INTO GPM_Menu (No, Name, ParentNo, Idx, MenuType, FK_App, Url, IsEnable, Flag, Tag1, Tag2, Tag3, MyFileName, MyFilePath, MyFileExt, WebPath, MyFileH, MyFileW, MyFileSize, OpenWay) VALUES ('2011', '公告类型', '1012', 1, 4, 'CCOA', '/WF/Comm/Search.htm?EnsName=BP.OA.NoticeCategorys', 1, '', '', '', '', 'data3.png', 'D:\ccflow\CCPortal\CCGPM\CCGPM\\DataUser\BP.GPM.Menu\\', 'png', '//DataUser/BP.GPM.Menu/1015.png', 16, 16, 0, 0);
INSERT INTO GPM_Menu (No, Name, ParentNo, Idx, MenuType, FK_App, Url, IsEnable, Flag, Tag1, Tag2, Tag3, MyFileName, MyFilePath, MyFileExt, WebPath, MyFileH, MyFileW, MyFileSize, OpenWay) VALUES ('202', '员工档案', '201', 1, 4, 'CCOA', '/WF/Comm/Search.htm?EnsName=BP.OA.HR.HRRecords', 1, '', '', '', '', '', '', '', '/WF/Img/FileType/IE.gif', 0, 0, 0, 0);
INSERT INTO GPM_Menu (No, Name, ParentNo, Idx, MenuType, FK_App, Url, IsEnable, Flag, Tag1, Tag2, Tag3, MyFileName, MyFilePath, MyFileExt, WebPath, MyFileH, MyFileW, MyFileSize, OpenWay) VALUES ('203', '合同签订信息', '201', 4, 4, 'CCOA', '/WF/Comm/Search.htm?EnsName=BP.OA.HR.HRContracts', 1, '', '', '', '', '', '', '', '/WF/Img/FileType/IE.gif', 0, 0, 0, 0);
INSERT INTO GPM_Menu (No, Name, ParentNo, Idx, MenuType, FK_App, Url, IsEnable, Flag, Tag1, Tag2, Tag3, MyFileName, MyFilePath, MyFileExt, WebPath, MyFileH, MyFileW, MyFileSize, OpenWay) VALUES ('204', '领取台账', '198',  4, 4, 'CCOA', '/WF/Comm/Search.htm?EnsName=BP.DS.DSTakes', 1, '', '', '', '', '', '', '', '/WF/Img/FileType/IE.gif', 0, 0, 0, 0);
INSERT INTO GPM_Menu (No, Name, ParentNo, Idx, MenuType, FK_App, Url, IsEnable, Flag, Tag1, Tag2, Tag3, MyFileName, MyFilePath, MyFileExt, WebPath, MyFileH, MyFileW, MyFileSize, OpenWay) VALUES ('214', '合同解除信息', '201',  3, 4, 'CCOA', '/WF/Comm/Search.htm?EnsName=BP.OA.HR.HRContractRemoves', 1, '', '', '', '', '', '', '', '/WF/Img/FileType/IE.gif', 0, 0, 0, 0);
INSERT INTO GPM_Menu (No, Name, ParentNo, Idx, MenuType, FK_App, Url, IsEnable, Flag, Tag1, Tag2, Tag3, MyFileName, MyFilePath, MyFileExt, WebPath, MyFileH, MyFileW, MyFileSize, OpenWay) VALUES ('217', '公积金台账', '201',  6, 4, 'CCOA', '/WF/Comm/Search.htm?EnsName=BP.OA.HR.GongJiJins', 1, '', '', '', '', '', '', '', '/WF/Img/FileType/IE.gif', 0, 0, 0, 0);
INSERT INTO GPM_Menu (No, Name, ParentNo, Idx, MenuType, FK_App, Url, IsEnable, Flag, Tag1, Tag2, Tag3, MyFileName, MyFilePath, MyFileExt, WebPath, MyFileH, MyFileW, MyFileSize, OpenWay) VALUES ('219', '社保与福利台账', '201', 7, 4, 'CCOA', '/WF/Comm/Search.htm?EnsName=BP.OA.HR.FuLis', 1, '', '', '', '', '', '', '', '/WF/Img/FileType/IE.gif', 0, 0, 0, 0);
INSERT INTO GPM_Menu (No, Name, ParentNo, Idx, MenuType, FK_App, Url, IsEnable, Flag, Tag1, Tag2, Tag3, MyFileName, MyFilePath, MyFileExt, WebPath, MyFileH, MyFileW, MyFileSize, OpenWay) VALUES ('224', '调动记录', '223',  0, 4, 'CCOA', '', 1, '', '', '', '', '', '', '', '/WF/Img/FileType/IE.gif', 0, 0, 0, 0);
INSERT INTO GPM_Menu (No, Name, ParentNo, Idx, MenuType, FK_App, Url, IsEnable, Flag, Tag1, Tag2, Tag3, MyFileName, MyFilePath, MyFileExt, WebPath, MyFileH, MyFileW, MyFileSize, OpenWay) VALUES ('228', '调动记录', '227',  0, 4, 'CCOA', '/WF/Comm/Search.htm?EnsName=BP.OA.HRTransfers', 1, '', '', '', '', '', '', '', '/WF/Img/FileType/IE.gif', 0, 0, 0, 0);
INSERT INTO GPM_Menu (No, Name, ParentNo, Idx, MenuType, FK_App, Url, IsEnable, Flag, Tag1, Tag2, Tag3, MyFileName, MyFilePath, MyFileExt, WebPath, MyFileH, MyFileW, MyFileSize, OpenWay) VALUES ('230', '发起人员调动流程', '227', 0, 4, 'CCOA', '/WF/MyFlow.htm?FK_Flow=Transfer', 1, '', '', '', '', '', '', '', '/WF/Img/FileType/IE.gif', 0, 0, 0, 0);
INSERT INTO GPM_Menu (No, Name, ParentNo, Idx, MenuType, FK_App, Url, IsEnable, Flag, Tag1, Tag2, Tag3, MyFileName, MyFilePath, MyFileExt, WebPath, MyFileH, MyFileW, MyFileSize, OpenWay) VALUES ('242', '新建节点242', '213',  0, 0, 'CCOA', '', 1, '', '', '', '', '', '', '', '/WF/Img/FileType/IE.gif', 0, 0, 0, 0);
INSERT INTO GPM_Menu (No, Name, ParentNo, Idx, MenuType, FK_App, Url, IsEnable, Flag, Tag1, Tag2, Tag3, MyFileName, MyFilePath, MyFileExt, WebPath, MyFileH, MyFileW, MyFileSize, OpenWay) VALUES ('243', '所属大类', '196',  0, 4, 'CCOA', '/WF/Comm/Search.htm?EnsName=BP.FixAss.FixAssBigCatagorys', 1, '', '', '', '', '', '', '', '/WF/Img/FileType/IE.gif', 0, 0, 0, 0);
INSERT INTO GPM_Menu (No, Name, ParentNo, Idx, MenuType, FK_App, Url, IsEnable, Flag, Tag1, Tag2, Tag3, MyFileName, MyFilePath, MyFileExt, WebPath, MyFileH, MyFileW, MyFileSize, OpenWay) VALUES ('244', '所属小类', '196',  1, 4, 'CCOA', '/WF/Comm/Search.htm?EnsName=BP.FixAss.FixAssBigCatSons', 1, '', '', '', '', '', '', '', '/WF/Img/FileType/IE.gif', 0, 0, 0, 0);
INSERT INTO GPM_Menu (No, Name, ParentNo, Idx, MenuType, FK_App, Url, IsEnable, Flag, Tag1, Tag2, Tag3, MyFileName, MyFilePath, MyFileExt, WebPath, MyFileH, MyFileW, MyFileSize, OpenWay) VALUES ('246', '资产领用', '196',  3, 4, 'CCOA', '/WF/Comm/Search.htm?EnsName=BP.FixAss.GetUses', 1, '', '', '', '', '', '', '', '/WF/Img/FileType/IE.gif', 0, 0, 0, 0);
INSERT INTO GPM_Menu (No, Name, ParentNo, Idx, MenuType, FK_App, Url, IsEnable, Flag, Tag1, Tag2, Tag3, MyFileName, MyFilePath, MyFileExt, WebPath, MyFileH, MyFileW, MyFileSize, OpenWay) VALUES ('248', '资产报修', '196', 5, 4, 'CCOA', '/WF/Comm/Search.htm?EnsName=BP.FixAss.Repairs', 1, '', '', '', '', '', '', '', '/WF/Img/FileType/IE.gif', 0, 0, 0, 0);
INSERT INTO GPM_Menu (No, Name, ParentNo, Idx, MenuType, FK_App, Url, IsEnable, Flag, Tag1, Tag2, Tag3, MyFileName, MyFilePath, MyFileExt, WebPath, MyFileH, MyFileW, MyFileSize, OpenWay) VALUES ('249', '资产报废', '196',  6, 4, 'CCOA', '/WF/Comm/Search.htm?EnsName=BP.FixAss.GetBads', 1, '', '', '', '', '', '', '', '/WF/Img/FileType/IE.gif', 0, 0, 0, 0);
INSERT INTO GPM_Menu (No, Name, ParentNo, Idx, MenuType, FK_App, Url, IsEnable, Flag, Tag1, Tag2, Tag3, MyFileName, MyFilePath, MyFileExt, WebPath, MyFileH, MyFileW, MyFileSize, OpenWay) VALUES ('250', '发起投票', '252',  3, 4, 'CCOA', '/App/Vote/CreateVote.aspx', 1, '', '', '', '', '', '', '', 'exam.gif', 0, 0, 0, 0);
INSERT INTO GPM_Menu (No, Name, ParentNo, Idx, MenuType, FK_App, Url, IsEnable, Flag, Tag1, Tag2, Tag3, MyFileName, MyFilePath, MyFileExt, WebPath, MyFileH, MyFileW, MyFileSize, OpenWay) VALUES ('251', '我的投票', '252',  4, 4, 'CCOA', '/App/Vote/VoteList.aspx', 1, '', '', '', '', '', '', '', 'framework.gif', 0, 0, 0, 0);
INSERT INTO GPM_Menu (No, Name, ParentNo, Idx, MenuType, FK_App, Url, IsEnable, Flag, Tag1, Tag2, Tag3, MyFileName, MyFilePath, MyFileExt, WebPath, MyFileH, MyFileW, MyFileSize, OpenWay) VALUES ('252', '我的工具', '2002',9, 3, 'CCOA', '', 1, '', '', '', '', '', '', '', 'tools', 0, 0, 0, 0);
INSERT INTO GPM_Menu (No, Name, ParentNo, Idx, MenuType, FK_App, Url, IsEnable, Flag, Tag1, Tag2, Tag3, MyFileName, MyFilePath, MyFileExt, WebPath, MyFileH, MyFileW, MyFileSize, OpenWay) VALUES ('253', '科学计算器', '252', 9, 4, 'CCOA', '/App/SmallTools/ComputingCounter.aspx', 1, '', '', '', '', '', '', '', 'ico_news.gif', 0, 0, 0, 0);
INSERT INTO GPM_Menu (No, Name, ParentNo, Idx, MenuType, FK_App, Url, IsEnable, Flag, Tag1, Tag2, Tag3, MyFileName, MyFilePath, MyFileExt, WebPath, MyFileH, MyFileW, MyFileSize, OpenWay) VALUES ('254', '万年历', '252', 10, 4, 'CCOA', '/App/SmallTools/Calendar.aspx', 1, '', '', '', '', '', '', '', 'calendar.png', 0, 0, 0, 0);
INSERT INTO GPM_Menu (No, Name, ParentNo, Idx, MenuType, FK_App, Url, IsEnable, Flag, Tag1, Tag2, Tag3, MyFileName, MyFilePath, MyFileExt, WebPath, MyFileH, MyFileW, MyFileSize, OpenWay) VALUES ('255', '记事便签', '252', 7, 4, 'CCOA', '/WF/Comm/Search.htm?EnsName=BP.OA.Notepaper.Notepapers', 1, '', '', '', '', '', '', '', 'pen.gif', 0, 0, 0, 0);
INSERT INTO GPM_Menu (No, Name, ParentNo, Idx, MenuType, FK_App, Url, IsEnable, Flag, Tag1, Tag2, Tag3, MyFileName, MyFilePath, MyFileExt, WebPath, MyFileH, MyFileW, MyFileSize, OpenWay) VALUES ('256', '同事共享', '106',  3, 4, 'CCOA', '/App/KM/EmpsShare.aspx', 1, '', '', '', '', '', '', '', '', 0, 0, 0, 0);
INSERT INTO GPM_Menu (No, Name, ParentNo, Idx, MenuType, FK_App, Url, IsEnable, Flag, Tag1, Tag2, Tag3, MyFileName, MyFilePath, MyFileExt, WebPath, MyFileH, MyFileW, MyFileSize, OpenWay) VALUES ('257', '资产归还', '196', 4, 4, 'CCOA', '/WF/Comm/Search.htm?EnsName=BP.FixAss.GiveBacks', 1, '', '', '', '', '', '', '', '/WF/Img/FileType/IE.gif', 0, 0, 0, 0);
INSERT INTO GPM_Menu (No, Name, ParentNo, Idx, MenuType, FK_App, Url, IsEnable, Flag, Tag1, Tag2, Tag3, MyFileName, MyFilePath, MyFileExt, WebPath, MyFileH, MyFileW, MyFileSize, OpenWay) VALUES ('258', '我的通讯录', '252',  2, 4, 'CCOA', '/WF/Comm/Search.htm?EnsName=BP.OA.ALEmps', 1, '', '', '', '', '', '', '', '', 0, 0, 0, 0);
INSERT INTO GPM_Menu (No, Name, ParentNo, Idx, MenuType, FK_App, Url, IsEnable, Flag, Tag1, Tag2, Tag3, MyFileName, MyFilePath, MyFileExt, WebPath, MyFileH, MyFileW, MyFileSize, OpenWay) VALUES ('259', '合同变更台帐', '201', 5, 4, 'CCOA', '/WF/Comm/Search.htm?EnsName=BP.OA.HR.HRContractModifys', 1, '', '', '', '', '', '', '', '/WF/Img/FileType/IE.gif', 0, 0, 0, 0);
INSERT INTO GPM_Menu (No, Name, ParentNo, Idx, MenuType, FK_App, Url, IsEnable, Flag, Tag1, Tag2, Tag3, MyFileName, MyFilePath, MyFileExt, WebPath, MyFileH, MyFileW, MyFileSize, OpenWay) VALUES ('261', '车辆信息', '145',  0, 4, 'CCOA', '/WF/Comm/Search.htm?EnsName=BP.OA.Car.CarInfos', 1, '', '', '', '', '', '', '', '/WF/Img/FileType/IE.gif', 0, 0, 0, 0);
INSERT INTO GPM_Menu (No, Name, ParentNo, Idx, MenuType, FK_App, Url, IsEnable, Flag, Tag1, Tag2, Tag3, MyFileName, MyFilePath, MyFileExt, WebPath, MyFileH, MyFileW, MyFileSize, OpenWay) VALUES ('262', '知识共享', '106', 6, 4, 'CCOA', '/App/KM/CompanyDoc.aspx', 1, '', '', '', '', '', '', '', '/WF/Img/FileType/IE.gif', 0, 0, 0, 0);
INSERT INTO GPM_Menu (No, Name, ParentNo, Idx, MenuType, FK_App, Url, IsEnable, Flag, Tag1, Tag2, Tag3, MyFileName, MyFilePath, MyFileExt, WebPath, MyFileH, MyFileW, MyFileSize, OpenWay) VALUES ('263', '用品类别', '198', 1, 4, 'CCOA', '/WF/Comm/Search.htm?EnsName=BP.DS.DSSorts', 1, '', '', '', '', '', '', '', '/WF/Img/FileType/IE.gif', 0, 0, 0, 0);
INSERT INTO GPM_Menu (No, Name, ParentNo, Idx, MenuType, FK_App, Url, IsEnable, Flag, Tag1, Tag2, Tag3, MyFileName, MyFilePath, MyFileExt, WebPath, MyFileH, MyFileW, MyFileSize, OpenWay) VALUES ('264', '知识库', '187',  6, 4, 'CCOA', '/App/KM/CompanyDoc.aspx', 1, '', '', '', '', '', '', '', '/WF/Img/FileType/IE.gif', 0, 0, 0, 0);
INSERT INTO GPM_Menu (No, Name, ParentNo, Idx, MenuType, FK_App, Url, IsEnable, Flag, Tag1, Tag2, Tag3, MyFileName, MyFilePath, MyFileExt, WebPath, MyFileH, MyFileW, MyFileSize, OpenWay) VALUES ('265', '会议管理', '2002', 11, 3, 'CCOA', '', 1, '', '', '', '', '', '', '', 'meeting', 0, 0, 0, 0);
INSERT INTO GPM_Menu (No, Name, ParentNo, Idx, MenuType, FK_App, Url, IsEnable, Flag, Tag1, Tag2, Tag3, MyFileName, MyFilePath, MyFileExt, WebPath, MyFileH, MyFileW, MyFileSize, OpenWay) VALUES ('267', '会议类型', '265',  1, 4, 'CCOA', '/WF/Comm/Search.htm?EnsName=BP.OA.Meeting.MeetingTypes', 1, '', '', '', '', '', '', '', '/WF/Img/FileType/IE.gif', 0, 0, 0, 0);
INSERT INTO GPM_Menu (No, Name, ParentNo, Idx, MenuType, FK_App, Url, IsEnable, Flag, Tag1, Tag2, Tag3, MyFileName, MyFilePath, MyFileExt, WebPath, MyFileH, MyFileW, MyFileSize, OpenWay) VALUES ('268', '会议室资源维护', '265', 4, 4, 'CCOA', '/WF/Comm/Search.htm?EnsName=BP.OA.Meeting.RoomResources', 1, '', '', '', '', '', '', '', '/WF/Img/FileType/IE.gif', 0, 0, 0, 0);
INSERT INTO GPM_Menu (No, Name, ParentNo, Idx, MenuType, FK_App, Url, IsEnable, Flag, Tag1, Tag2, Tag3, MyFileName, MyFilePath, MyFileExt, WebPath, MyFileH, MyFileW, MyFileSize, OpenWay) VALUES ('269', '会议室列表', '265',  3, 4, 'CCOA', '/App/Meeting/RoomListEUI.aspx', 1, '', '', '', '', '', '', '', '/WF/Img/FileType/IE.gif', 0, 0, 0, 0);
INSERT INTO GPM_Menu (No, Name, ParentNo, Idx, MenuType, FK_App, Url, IsEnable, Flag, Tag1, Tag2, Tag3, MyFileName, MyFilePath, MyFileExt, WebPath, MyFileH, MyFileW, MyFileSize, OpenWay) VALUES ('270', '会议室预订', '265',  2, 4, 'CCOA', '/App/Meeting/OrdingEUI.aspx', 1, '', '', '', '', '', '', '', '/WF/Img/FileType/IE.gif', 0, 0, 0, 0);
INSERT INTO GPM_Menu (No, Name, ParentNo, Idx, MenuType, FK_App, Url, IsEnable, Flag, Tag1, Tag2, Tag3, MyFileName, MyFilePath, MyFileExt, WebPath, MyFileH, MyFileW, MyFileSize, OpenWay) VALUES ('271', '我的会议', '265',  0, 4, 'CCOA', '/App/Meeting/MyMeetingEUI.aspx', 1, '', '', '', '', '', '', '', '/WF/Img/FileType/IE.gif', 0, 0, 0, 0);
INSERT INTO GPM_Menu (No, Name, ParentNo, Idx, MenuType, FK_App, Url, IsEnable, Flag, Tag1, Tag2, Tag3, MyFileName, MyFilePath, MyFileExt, WebPath, MyFileH, MyFileW, MyFileSize, OpenWay) VALUES ('272', '我的论坛', '2002', 13, 3, 'CCOA', '', 1, '', '', '', '', '', '', '', 'bbs', 0, 0, 0, 0);
INSERT INTO GPM_Menu (No, Name, ParentNo, Idx, MenuType, FK_App, Url, IsEnable, Flag, Tag1, Tag2, Tag3, MyFileName, MyFilePath, MyFileExt, WebPath, MyFileH, MyFileW, MyFileSize, OpenWay) VALUES ('273', '论坛板块', '272',  1, 4, 'CCOA', '/WF/Comm/Search.htm?EnsName=BP.OA.BBS.BBSClasss', 1, '', '', '', '', '', '', '', '/WF/Img/FileType/IE.gif', 0, 0, 0, 0);
INSERT INTO GPM_Menu (No, Name, ParentNo, Idx, MenuType, FK_App, Url, IsEnable, Flag, Tag1, Tag2, Tag3, MyFileName, MyFilePath, MyFileExt, WebPath, MyFileH, MyFileW, MyFileSize, OpenWay) VALUES ('274', '论坛首页', '272',  2, 4, 'CCOA', '/App/BBS/Default.aspx?fid=0', 1, '', '', '', '', '', '', '', '/WF/Img/FileType/IE.gif', 0, 0, 0, 0);
INSERT INTO GPM_Menu (No, Name, ParentNo, Idx, MenuType, FK_App, Url, IsEnable, Flag, Tag1, Tag2, Tag3, MyFileName, MyFilePath, MyFileExt, WebPath, MyFileH, MyFileW, MyFileSize, OpenWay) VALUES ('297', '快捷入口', '2002',  0, 3, 'CCOA', '', 1, '', '', '', '', '', '', '', 'QuickEntry', 0, 0, 0, 0);
INSERT INTO GPM_Menu (No, Name, ParentNo, Idx, MenuType, FK_App, Url, IsEnable, Flag, Tag1, Tag2, Tag3, MyFileName, MyFilePath, MyFileExt, WebPath, MyFileH, MyFileW, MyFileSize, OpenWay) VALUES ('299', '待办', '297', 0, 3, 'CCOA', '/WF/Todolist.htm', 1, '', '', '', '', '', '', '', '/WF/Img/FileType/IE.gif', 0, 0, 0, 0);
INSERT INTO GPM_Menu (No, Name, ParentNo, Idx, MenuType, FK_App, Url, IsEnable, Flag, Tag1, Tag2, Tag3, MyFileName, MyFilePath, MyFileExt, WebPath, MyFileH, MyFileW, MyFileSize, OpenWay) VALUES ('300', '在途', '297',  0, 3, 'CCOA', '/WF/Runing.htm', 1, '', '', '', '', '', '', '', '/WF/Img/FileType/IE.gif', 0, 0, 0, 0);
INSERT INTO GPM_Menu (No, Name, ParentNo, Idx, MenuType, FK_App, Url, IsEnable, Flag, Tag1, Tag2, Tag3, MyFileName, MyFilePath, MyFileExt, WebPath, MyFileH, MyFileW, MyFileSize, OpenWay) VALUES ('301', '发起', '297', 0, 3, 'CCOA', '/WF/Start.htm ', 1, '', '', '', '', '', '', '', '/WF/Img/FileType/IE.gif', 0, 0, 0, 0);
INSERT INTO GPM_Menu (No, Name, ParentNo, Idx, MenuType, FK_App, Url, IsEnable, Flag, Tag1, Tag2, Tag3, MyFileName, MyFilePath, MyFileExt, WebPath, MyFileH, MyFileW, MyFileSize, OpenWay) VALUES ('302', '我的邮件', '297',  0, 3, 'CCOA', '/App/Message/InBox.aspx ', 1, '', '', '', '', '', '', '', '/WF/Img/FileType/IE.gif', 0, 0, 0, 0);
INSERT INTO GPM_Menu (No, Name, ParentNo, Idx, MenuType, FK_App, Url, IsEnable, Flag, Tag1, Tag2, Tag3, MyFileName, MyFilePath, MyFileExt, WebPath, MyFileH, MyFileW, MyFileSize, OpenWay) VALUES ('303', '我的公告', '297',  0, 3, 'CCOA', '/App/Notice/MyNoticeList.aspx ', 1, '', '', '', '', '', '', '', '/WF/Img/FileType/IE.gif', 0, 0, 0, 0);
INSERT INTO GPM_Menu (No, Name, ParentNo, Idx, MenuType, FK_App, Url, IsEnable, Flag, Tag1, Tag2, Tag3, MyFileName, MyFilePath, MyFileExt, WebPath, MyFileH, MyFileW, MyFileSize, OpenWay) VALUES ('304', '我的新闻', '297',  0, 3, 'CCOA', '/App/News/MyNewsList.aspx', 1, '', '', '', '', '', '', '', '/WF/Img/FileType/IE.gif', 0, 0, 0, 0);
INSERT INTO GPM_Menu (No, Name, ParentNo, Idx, MenuType, FK_App, Url, IsEnable, Flag, Tag1, Tag2, Tag3, MyFileName, MyFilePath, MyFileExt, WebPath, MyFileH, MyFileW, MyFileSize, OpenWay) VALUES ('305', '我的会议', '297', 0, 3, 'CCOA', '/App/Meeting/MyMeetingEUI.aspx', 1, '', '', '', '', '', '', '', '/WF/Img/FileType/IE.gif', 0, 0, 0, 0);

 --用户权限;
DELETE FROM GPM_UserMenu;
INSERT INTO GPM_UserMenu (FK_Emp,FK_Menu,IsChecked) Values('admin','1000','0');
INSERT INTO GPM_UserMenu (FK_Emp,FK_Menu,IsChecked) Values('admin','1010','1');
INSERT INTO GPM_UserMenu (FK_Emp,FK_Menu,IsChecked) Values('admin','1011','1');
INSERT INTO GPM_UserMenu (FK_Emp,FK_Menu,IsChecked) Values('admin','1012','1');
INSERT INTO GPM_UserMenu (FK_Emp,FK_Menu,IsChecked) Values('admin','1013','1');
INSERT INTO GPM_UserMenu (FK_Emp,FK_Menu,IsChecked) Values('admin','1014','1');
INSERT INTO GPM_UserMenu (FK_Emp,FK_Menu,IsChecked) Values('admin','1015','1');
INSERT INTO GPM_UserMenu (FK_Emp,FK_Menu,IsChecked) Values('admin','1016','1');
INSERT INTO GPM_UserMenu (FK_Emp,FK_Menu,IsChecked) Values('admin','1017','1');
INSERT INTO GPM_UserMenu (FK_Emp,FK_Menu,IsChecked) Values('admin','1018','1');
INSERT INTO GPM_UserMenu (FK_Emp,FK_Menu,IsChecked) Values('admin','1019','1');
INSERT INTO GPM_UserMenu (FK_Emp,FK_Menu,IsChecked) Values('admin','1020','1');
INSERT INTO GPM_UserMenu (FK_Emp,FK_Menu,IsChecked) Values('admin','1021','1');
INSERT INTO GPM_UserMenu (FK_Emp,FK_Menu,IsChecked) Values('admin','1022','1');
INSERT INTO GPM_UserMenu (FK_Emp,FK_Menu,IsChecked) Values('admin','1024','1');
INSERT INTO GPM_UserMenu (FK_Emp,FK_Menu,IsChecked) Values('admin','1041','1');
INSERT INTO GPM_UserMenu (FK_Emp,FK_Menu,IsChecked) Values('admin','1025','1');
INSERT INTO GPM_UserMenu (FK_Emp,FK_Menu,IsChecked) Values('admin','1026','1');
INSERT INTO GPM_UserMenu (FK_Emp,FK_Menu,IsChecked) Values('admin','1027','1');
INSERT INTO GPM_UserMenu (FK_Emp,FK_Menu,IsChecked) Values('admin','1028','1');
INSERT INTO GPM_UserMenu (FK_Emp,FK_Menu,IsChecked) Values('admin','1029','1');
INSERT INTO GPM_UserMenu (FK_Emp,FK_Menu,IsChecked) Values('admin','1030','1');
INSERT INTO GPM_UserMenu (FK_Emp,FK_Menu,IsChecked) Values('admin','1031','1');
INSERT INTO GPM_UserMenu (FK_Emp,FK_Menu,IsChecked) Values('admin','1032','1');
INSERT INTO GPM_UserMenu (FK_Emp,FK_Menu,IsChecked) Values('admin','1033','1');
INSERT INTO GPM_UserMenu (FK_Emp,FK_Menu,IsChecked) Values('admin','1034','1');
INSERT INTO GPM_UserMenu (FK_Emp,FK_Menu,IsChecked) Values('admin','1035','1');
INSERT INTO GPM_UserMenu (FK_Emp,FK_Menu,IsChecked) Values('admin','1036','1');
INSERT INTO GPM_UserMenu (FK_Emp,FK_Menu,IsChecked) Values('admin','1037','1');
INSERT INTO GPM_UserMenu (FK_Emp,FK_Menu,IsChecked) Values('admin','1038','1');
INSERT INTO GPM_UserMenu (FK_Emp,FK_Menu,IsChecked) Values('admin','1039','1');
INSERT INTO GPM_UserMenu (FK_Emp,FK_Menu,IsChecked) Values('admin','1040','1');
INSERT INTO GPM_UserMenu (FK_Emp,FK_Menu,IsChecked) Values('admin','2000','0');
INSERT INTO GPM_UserMenu (FK_Emp,FK_Menu,IsChecked) Values('admin','2002','1');
INSERT INTO GPM_UserMenu (FK_Emp,FK_Menu,IsChecked) Values('admin','2010','1');
INSERT INTO GPM_UserMenu (FK_Emp,FK_Menu,IsChecked) Values('admin','2011','1');
 
 
DELETE FROM Sys_GloVar;
INSERT INTO Sys_GloVar(No,Name,Val,GroupKey,Note) VALUES ('ColsOfApp','SSO界面应用系统列数','2','APP','SSO界面应用系统列数。');
INSERT INTO Sys_GloVar(No,Name,Val,GroupKey,Note) VALUES ('ColsOfSSO','SSO界面信息列数','3','SSO','SSO界面信息列数,单点登陆界面中的列数。');
INSERT INTO Sys_GloVar(No,Name,Val,GroupKey,Note) VALUES ('UnitFullName','单位全称','济南驰骋信息技术有限公司','Glo','');
INSERT INTO Sys_GloVar(No,Name,Val,GroupKey,Note) VALUES ('UnitSimpleName','单位简称','驰骋软件','Glo','');
